scenario,label,path,clients,requests,seconds,rps,avg,p50,p90,p99,max,errors,non200
Tiny response,st,/hello,50.0,20000.0,1.86,10751.9,4.54,4.5,5.5,9.82,24.3,0.0,0.0
Tiny response,mt,/hello,50.0,20000.0,1.321,15137.8,0.42,0.26,0.43,1.11,570.09,0.0,0.0
Simulated I/O (10 ms),st,/sleep?ms=10,50.0,1000.0,15.456,64.7,753.6,771.75,776.44,778.95,784.15,0.0,0.0
Simulated I/O (10 ms),mt,/sleep?ms=10,50.0,1000.0,0.983,1017.6,47.77,46.71,60.9,63.38,64.36,0.0,0.0
CPU-bound (~8 ms),st,/cpu?n=5000000,50.0,600.0,4.462,134.5,356.23,368.42,382.5,395.14,396.16,0.0,0.0
CPU-bound (~8 ms),mt,/cpu?n=5000000,50.0,600.0,1.228,488.6,99.15,79.08,188.02,219.74,307.43,0.0,0.0
hello under slow load,st,/hello,4.0,100.0,7.97,12.5,318.76,0.36,2036.61,2043.05,2043.2,0.0,0.0
hello under slow load,mt,/hello,4.0,100.0,0.008,11941.3,0.29,0.23,0.43,0.92,1.0,0.0,0.0
sweep I/O-bound,mt-t1,/sleep?ms=10,64.0,1000.0,15.446,64.7,957.28,987.5,991.57,993.61,994.49,0.0,0.0
sweep I/O-bound,mt-t2,/sleep?ms=10,64.0,1000.0,7.786,128.4,482.25,492.86,496.64,569.47,570.57,0.0,0.0
sweep I/O-bound,mt-t4,/sleep?ms=10,64.0,1000.0,3.879,257.8,240.53,247.16,249.41,251.01,253.71,0.0,0.0
sweep I/O-bound,mt-t8,/sleep?ms=10,64.0,1000.0,1.936,516.5,120.23,123.14,124.43,127.7,132.54,0.0,0.0
sweep I/O-bound,mt-t16,/sleep?ms=10,64.0,1000.0,0.978,1022.7,60.43,61.65,63.23,64.93,65.89,0.0,0.0
sweep I/O-bound,mt-t32,/sleep?ms=10,64.0,1000.0,0.507,1973.6,31.14,30.9,33.07,42.07,45.16,0.0,0.0
sweep I/O-bound,mt-t64,/sleep?ms=10,64.0,1000.0,0.271,3683.9,17.09,15.7,26.64,30.99,32.45,0.0,0.0
sweep CPU-bound,mt-t1,/cpu?n=5000000,32.0,400.0,2.941,136.0,226.19,230.83,248.56,250.06,250.19,0.0,0.0
sweep CPU-bound,mt-t2,/cpu?n=5000000,32.0,400.0,1.492,268.0,114.87,118.04,122.28,131.74,131.97,0.0,0.0
sweep CPU-bound,mt-t4,/cpu?n=5000000,32.0,400.0,0.839,476.7,63.69,65.05,73.61,88.62,96.5,0.0,0.0
sweep CPU-bound,mt-t8,/cpu?n=5000000,32.0,400.0,0.847,472.3,20.95,14.64,51.88,68.05,80.09,0.0,0.0
sweep CPU-bound,mt-t16,/cpu?n=5000000,32.0,400.0,0.819,488.2,62.98,40.53,151.14,178.05,286.95,0.0,0.0
